branch_name,cohort_name,semester_number,student_count,mean_cgpa,cgpa_stddev,minimum_cgpa,maximum_cgpa,pct_at_least_8,pct_at_least_9
B.Tech Civil Engineering (Dual Degree Program with Macquarie University),second_year,3,5,6.56,1.43,4.43,7.93,0.00,0.00
B.Tech Electrical & Electronics Engineering (Dual Degree Program with Macquarie University),second_year,3,8,5.67,1.42,3.45,7.76,0.00,0.00
Bachelor of Technology (B.Tech.) in Aeronautical Engineering,fourth_year,7,62,7.34,1.15,5.04,9.77,29.03,6.45
Bachelor of Technology (B.Tech.) in Aeronautical Engineering,third_year,5,72,7.46,1.18,4.80,9.76,34.72,11.11
Bachelor of Technology (B.Tech.) in Aeronautical Engineering,second_year,3,72,7.53,1.14,4.24,9.38,40.28,4.17
Bachelor of Technology (B.Tech.) in Automobile Engineering,fourth_year,7,29,6.59,0.84,4.98,8.95,6.90,0.00
Bachelor of Technology (B.Tech.) in Automobile Engineering,third_year,5,31,6.24,1.26,3.79,8.27,12.90,0.00
Bachelor of Technology (B.Tech.) in Automobile Engineering,second_year,3,25,6.33,1.37,3.95,8.55,12.00,0.00
Bachelor of Technology (B.Tech.) in Bio-Medical Engineering,fourth_year,7,42,7.07,1.0,5.45,9.69,19.05,2.38
Bachelor of Technology (B.Tech.) in Bio-Medical Engineering,third_year,5,46,6.88,1.08,5.07,9.45,19.57,4.35
Bachelor of Technology (B.Tech.) in Bio-Medical Engineering,second_year,3,38,7.02,1.28,4.60,9.50,21.05,7.89
Bachelor of Technology (B.Tech.) in Biotechnology,fourth_year,7,69,7.40,0.92,5.26,9.39,30.43,1.45
Bachelor of Technology (B.Tech.) in Biotechnology,third_year,5,78,7.54,1.02,5.04,9.81,32.05,8.97
Bachelor of Technology (B.Tech.) in Biotechnology,second_year,3,66,7.61,1.37,2.53,9.81,45.45,9.09
Bachelor of Technology (B.Tech.) in Chemical Engineering,fourth_year,7,34,6.88,1.12,5.28,9.51,17.65,5.88
Bachelor of Technology (B.Tech.) in Chemical Engineering,third_year,5,45,6.82,1.18,4.21,9.41,13.33,2.22
Bachelor of Technology (B.Tech.) in Chemical Engineering,second_year,3,56,7.02,1.18,3.55,9.07,17.86,1.79
Bachelor of Technology (B.Tech.) in Civil Engineering,fourth_year,7,39,6.85,0.92,5.64,9.22,15.38,2.56
Bachelor of Technology (B.Tech.) in Civil Engineering,third_year,5,40,6.36,1.28,3.89,9.41,10.00,2.50
Bachelor of Technology (B.Tech.) in Civil Engineering,second_year,3,23,5.92,1.49,3.62,8.67,8.70,0.00
Bachelor of Technology (B.Tech.) in Computer Science & Financial Technology,fourth_year,7,72,7.92,0.95,5.40,9.60,51.39,12.50
Bachelor of Technology (B.Tech.) in Computer Science & Financial Technology,third_year,5,73,7.59,1.23,4.64,9.59,47.95,6.85
Bachelor of Technology (B.Tech.) in Computer Science & Financial Technology,second_year,3,75,6.94,1.27,2.22,9.45,14.67,2.67
Bachelor of Technology (B.Tech.) in Computer Science and Engineering,fourth_year,7,260,7.41,1.26,4.88,9.96,36.92,10.77
Bachelor of Technology (B.Tech.) in Computer Science and Engineering,third_year,5,295,7.89,1.21,4.03,9.82,55.25,14.92
Bachelor of Technology (B.Tech.) in Computer Science and Engineering,second_year,3,1169,7.60,1.14,0.00,9.88,40.29,7.53
Bachelor of Technology (B.Tech.) in Cyber Physical Systems,fourth_year,7,61,7.03,0.97,5.01,9.34,14.75,3.28
Bachelor of Technology (B.Tech.) in Cyber Physical Systems,third_year,5,112,6.62,1.04,3.86,9.18,8.93,0.89
Bachelor of Technology (B.Tech.) in Cyber Physical Systems,second_year,3,141,6.99,1.14,3.12,9.52,14.18,2.13
Bachelor of Technology (B.Tech.) in Electrical and Electronics Engineering,fourth_year,7,158,6.68,0.87,5.06,9.04,7.59,0.63
Bachelor of Technology (B.Tech.) in Electrical and Electronics Engineering,third_year,5,142,6.87,1.04,4.31,9.00,12.68,0.70
Bachelor of Technology (B.Tech.) in Electrical and Electronics Engineering,second_year,3,168,7.09,1.17,3.38,9.93,17.86,1.79
Bachelor of Technology (B.Tech.) in Electronics and Communication Engineering,fourth_year,7,231,7.25,0.99,4.81,9.57,22.51,3.90
Bachelor of Technology (B.Tech.) in Electronics and Communication Engineering,third_year,5,227,7.65,1.2,3.65,9.94,43.17,11.01
Bachelor of Technology (B.Tech.) in Electronics and Communication Engineering,second_year,3,239,8.07,1.08,3.64,10.00,61.51,18.41
Bachelor of Technology (B.Tech.) in Electronics and Instrumentation Engineering,fourth_year,7,77,6.57,0.72,4.81,8.17,1.30,0.00
Bachelor of Technology (B.Tech.) in Electronics and Instrumentation Engineering,third_year,5,55,6.56,1.17,4.34,8.67,12.73,0.00
Bachelor of Technology (B.Tech.) in Electronics and Instrumentation Engineering,second_year,3,49,6.89,1.17,3.76,9.33,14.29,2.04
Bachelor of Technology (B.Tech.) in Electronics Engineering (VLSI Design and Technology),fourth_year,7,69,7.02,0.81,5.03,8.53,11.59,0.00
Bachelor of Technology (B.Tech.) in Electronics Engineering (VLSI Design and Technology),third_year,5,71,7.24,0.92,5.24,9.38,21.13,2.82
Bachelor of Technology (B.Tech.) in Electronics Engineering (VLSI Design and Technology),second_year,3,73,7.69,0.88,5.38,9.45,42.47,4.11
Bachelor of Technology (B.Tech.) in Industrial Engineering,fourth_year,7,8,7.22,0.89,5.71,8.63,25.00,0.00
Bachelor of Technology (B.Tech.) in Industrial Engineering,third_year,5,27,6.55,1.19,4.72,9.05,11.11,3.70
Bachelor of Technology (B.Tech.) in Industrial Engineering,second_year,3,31,5.87,1.1,3.36,7.83,0.00,0.00
Bachelor of Technology (B.Tech.) in Mathematics and Computing,fourth_year,7,67,7.48,0.86,5.35,9.48,25.37,1.49
Bachelor of Technology (B.Tech.) in Mathematics and Computing,third_year,5,73,7.45,1.05,4.46,9.25,35.62,4.11
Bachelor of Technology (B.Tech.) in Mathematics and Computing,second_year,3,72,7.30,1.07,4.67,9.26,29.17,4.17
Bachelor of Technology (B.Tech.) in Mechanical Engineering,fourth_year,7,168,6.86,1.07,4.79,9.64,17.26,3.57
Bachelor of Technology (B.Tech.) in Mechanical Engineering,third_year,5,216,6.88,1.16,4.45,9.67,17.13,5.09
Bachelor of Technology (B.Tech.) in Mechanical Engineering,second_year,3,219,7.16,1.17,3.19,9.48,23.74,4.57
Bachelor of Technology (B.Tech.) in Mechatronics,fourth_year,7,137,6.98,0.94,4.70,9.56,15.33,1.46
Bachelor of Technology (B.Tech.) in Mechatronics,third_year,5,136,7.02,0.97,4.68,9.16,13.24,1.47
Bachelor of Technology (B.Tech.) in Mechatronics,second_year,3,145,7.03,1.11,3.48,9.60,14.48,2.76
Computer and Communication Engineering,fourth_year,7,250,7.44,1.05,3.55,9.38,33.20,4.80
Computer and Communication Engineering,third_year,5,249,7.38,1.09,4.15,9.68,34.54,4.02
Computer and Communication Engineering,second_year,3,3,4.42,0.98,3.60,5.50,0.00,0.00
Computer Science and Engineering ( Artificial Intelligence & Machine Learning ),fourth_year,7,172,7.46,1.22,4.72,9.72,39.53,7.56
Computer Science and Engineering ( Artificial Intelligence & Machine Learning ),third_year,5,185,7.77,1.15,4.52,9.56,50.27,11.89
Computer Science and Engineering ( Artificial Intelligence & Machine Learning ),second_year,3,1,5.40,,5.40,5.40,0.00,0.00
Data Science & Engineering,fourth_year,7,163,7.57,1.0,4.91,9.60,40.49,3.07
Data Science & Engineering,third_year,5,175,7.26,1.06,3.14,9.23,28.00,2.86
Data Science & Engineering,second_year,3,3,3.81,0.97,3.21,4.93,0.00,0.00
Information Technology,fourth_year,7,231,7.44,1.1,4.63,9.52,35.93,6.93
Information Technology,third_year,5,256,7.56,1.1,3.84,9.39,38.67,4.69
Information Technology,second_year,3,1,3.98,,3.98,3.98,0.00,0.00
Mechanical(Dual Degree Program with Deakin University),third_year,5,4,6.34,0.79,5.16,6.88,0.00,0.00
Mechanical(Dual Degree Program with Deakin University),second_year,3,9,5.91,0.91,4.33,7.43,0.00,0.00
Mechatronics (Dual Degree Program with Deakin University),third_year,5,18,6.90,0.88,5.41,8.80,16.67,0.00
Mechatronics (Dual Degree Program with Deakin University),second_year,3,13,6.26,1.3,3.50,8.12,15.38,0.00
