cohort_name,branch_name,cgpa_band,student_count,percentage_of_group
second_year,B.Tech Civil Engineering (Dual Degree Program with Macquarie University),7.0–7.99,2,40.00
second_year,B.Tech Civil Engineering (Dual Degree Program with Macquarie University),<6.0,2,40.00
second_year,B.Tech Civil Engineering (Dual Degree Program with Macquarie University),6.0–6.99,1,20.00
second_year,B.Tech Electrical & Electronics Engineering (Dual Degree Program with Macquarie University),6.0–6.99,3,37.50
second_year,B.Tech Electrical & Electronics Engineering (Dual Degree Program with Macquarie University),7.0–7.99,1,12.50
second_year,B.Tech Electrical & Electronics Engineering (Dual Degree Program with Macquarie University),<6.0,4,50.00
second_year,Bachelor of Technology (B.Tech.) in Aeronautical Engineering,<6.0,7,9.72
second_year,Bachelor of Technology (B.Tech.) in Aeronautical Engineering,8.0–8.99,26,36.11
second_year,Bachelor of Technology (B.Tech.) in Aeronautical Engineering,6.0–6.99,15,20.83
second_year,Bachelor of Technology (B.Tech.) in Aeronautical Engineering,7.0–7.99,21,29.17
second_year,Bachelor of Technology (B.Tech.) in Aeronautical Engineering,9.0+,3,4.17
second_year,Bachelor of Technology (B.Tech.) in Automobile Engineering,8.0–8.99,3,12.00
second_year,Bachelor of Technology (B.Tech.) in Automobile Engineering,<6.0,10,40.00
second_year,Bachelor of Technology (B.Tech.) in Automobile Engineering,6.0–6.99,5,20.00
second_year,Bachelor of Technology (B.Tech.) in Automobile Engineering,7.0–7.99,7,28.00
second_year,Bachelor of Technology (B.Tech.) in Bio-Medical Engineering,<6.0,9,23.68
second_year,Bachelor of Technology (B.Tech.) in Bio-Medical Engineering,9.0+,3,7.89
second_year,Bachelor of Technology (B.Tech.) in Bio-Medical Engineering,7.0–7.99,11,28.95
second_year,Bachelor of Technology (B.Tech.) in Bio-Medical Engineering,6.0–6.99,10,26.32
second_year,Bachelor of Technology (B.Tech.) in Bio-Medical Engineering,8.0–8.99,5,13.16
second_year,Bachelor of Technology (B.Tech.) in Biotechnology,<6.0,7,10.61
second_year,Bachelor of Technology (B.Tech.) in Biotechnology,6.0–6.99,9,13.64
second_year,Bachelor of Technology (B.Tech.) in Biotechnology,7.0–7.99,20,30.30
second_year,Bachelor of Technology (B.Tech.) in Biotechnology,9.0+,6,9.09
second_year,Bachelor of Technology (B.Tech.) in Biotechnology,8.0–8.99,24,36.36
second_year,Bachelor of Technology (B.Tech.) in Chemical Engineering,<6.0,9,16.07
second_year,Bachelor of Technology (B.Tech.) in Chemical Engineering,7.0–7.99,23,41.07
second_year,Bachelor of Technology (B.Tech.) in Chemical Engineering,6.0–6.99,14,25.00
second_year,Bachelor of Technology (B.Tech.) in Chemical Engineering,8.0–8.99,9,16.07
second_year,Bachelor of Technology (B.Tech.) in Chemical Engineering,9.0+,1,1.79
second_year,Bachelor of Technology (B.Tech.) in Civil Engineering,<6.0,12,52.17
second_year,Bachelor of Technology (B.Tech.) in Civil Engineering,6.0–6.99,6,26.09
second_year,Bachelor of Technology (B.Tech.) in Civil Engineering,7.0–7.99,3,13.04
second_year,Bachelor of Technology (B.Tech.) in Civil Engineering,8.0–8.99,2,8.70
second_year,Bachelor of Technology (B.Tech.) in Computer Science & Financial Technology,<6.0,17,22.67
second_year,Bachelor of Technology (B.Tech.) in Computer Science & Financial Technology,6.0–6.99,15,20.00
second_year,Bachelor of Technology (B.Tech.) in Computer Science & Financial Technology,7.0–7.99,32,42.67
second_year,Bachelor of Technology (B.Tech.) in Computer Science & Financial Technology,8.0–8.99,9,12.00
second_year,Bachelor of Technology (B.Tech.) in Computer Science & Financial Technology,9.0+,2,2.67
second_year,Bachelor of Technology (B.Tech.) in Computer Science and Engineering,6.0–6.99,204,17.45
second_year,Bachelor of Technology (B.Tech.) in Computer Science and Engineering,8.0–8.99,383,32.76
second_year,Bachelor of Technology (B.Tech.) in Computer Science and Engineering,<6.0,98,8.38
second_year,Bachelor of Technology (B.Tech.) in Computer Science and Engineering,9.0+,88,7.53
second_year,Bachelor of Technology (B.Tech.) in Computer Science and Engineering,7.0–7.99,396,33.88
second_year,Bachelor of Technology (B.Tech.) in Cyber Physical Systems,8.0–8.99,17,12.06
second_year,Bachelor of Technology (B.Tech.) in Cyber Physical Systems,<6.0,22,15.60
second_year,Bachelor of Technology (B.Tech.) in Cyber Physical Systems,6.0–6.99,43,30.50
second_year,Bachelor of Technology (B.Tech.) in Cyber Physical Systems,7.0–7.99,56,39.72
second_year,Bachelor of Technology (B.Tech.) in Cyber Physical Systems,9.0+,3,2.13
second_year,Bachelor of Technology (B.Tech.) in Electrical and Electronics Engineering,9.0+,3,1.79
second_year,Bachelor of Technology (B.Tech.) in Electrical and Electronics Engineering,<6.0,22,13.10
second_year,Bachelor of Technology (B.Tech.) in Electrical and Electronics Engineering,6.0–6.99,49,29.17
second_year,Bachelor of Technology (B.Tech.) in Electrical and Electronics Engineering,7.0–7.99,67,39.88
second_year,Bachelor of Technology (B.Tech.) in Electrical and Electronics Engineering,8.0–8.99,27,16.07
second_year,Bachelor of Technology (B.Tech.) in Electronics Engineering (VLSI Design and Technology),6.0–6.99,13,17.81
second_year,Bachelor of Technology (B.Tech.) in Electronics Engineering (VLSI Design and Technology),7.0–7.99,26,35.62
second_year,Bachelor of Technology (B.Tech.) in Electronics Engineering (VLSI Design and Technology),<6.0,3,4.11
second_year,Bachelor of Technology (B.Tech.) in Electronics Engineering (VLSI Design and Technology),8.0–8.99,28,38.36
second_year,Bachelor of Technology (B.Tech.) in Electronics Engineering (VLSI Design and Technology),9.0+,3,4.11
second_year,Bachelor of Technology (B.Tech.) in Electronics and Communication Engineering,8.0–8.99,103,43.10
second_year,Bachelor of Technology (B.Tech.) in Electronics and Communication Engineering,<6.0,11,4.60
second_year,Bachelor of Technology (B.Tech.) in Electronics and Communication Engineering,7.0–7.99,62,25.94
second_year,Bachelor of Technology (B.Tech.) in Electronics and Communication Engineering,9.0+,44,18.41
second_year,Bachelor of Technology (B.Tech.) in Electronics and Communication Engineering,6.0–6.99,19,7.95
second_year,Bachelor of Technology (B.Tech.) in Electronics and Instrumentation Engineering,<6.0,10,20.41
second_year,Bachelor of Technology (B.Tech.) in Electronics and Instrumentation Engineering,6.0–6.99,16,32.65
second_year,Bachelor of Technology (B.Tech.) in Electronics and Instrumentation Engineering,7.0–7.99,16,32.65
second_year,Bachelor of Technology (B.Tech.) in Electronics and Instrumentation Engineering,9.0+,1,2.04
second_year,Bachelor of Technology (B.Tech.) in Electronics and Instrumentation Engineering,8.0–8.99,6,12.24
second_year,Bachelor of Technology (B.Tech.) in Industrial Engineering,<6.0,13,41.94
second_year,Bachelor of Technology (B.Tech.) in Industrial Engineering,7.0–7.99,3,9.68
second_year,Bachelor of Technology (B.Tech.) in Industrial Engineering,6.0–6.99,15,48.39
second_year,Bachelor of Technology (B.Tech.) in Mathematics and Computing,6.0–6.99,20,27.78
second_year,Bachelor of Technology (B.Tech.) in Mathematics and Computing,<6.0,8,11.11
second_year,Bachelor of Technology (B.Tech.) in Mathematics and Computing,7.0–7.99,23,31.94
second_year,Bachelor of Technology (B.Tech.) in Mathematics and Computing,8.0–8.99,18,25.00
second_year,Bachelor of Technology (B.Tech.) in Mathematics and Computing,9.0+,3,4.17
second_year,Bachelor of Technology (B.Tech.) in Mechanical Engineering,<6.0,29,13.24
second_year,Bachelor of Technology (B.Tech.) in Mechanical Engineering,7.0–7.99,78,35.62
second_year,Bachelor of Technology (B.Tech.) in Mechanical Engineering,6.0–6.99,60,27.40
second_year,Bachelor of Technology (B.Tech.) in Mechanical Engineering,8.0–8.99,42,19.18
second_year,Bachelor of Technology (B.Tech.) in Mechanical Engineering,9.0+,10,4.57
second_year,Bachelor of Technology (B.Tech.) in Mechatronics,<6.0,18,12.41
second_year,Bachelor of Technology (B.Tech.) in Mechatronics,7.0–7.99,59,40.69
second_year,Bachelor of Technology (B.Tech.) in Mechatronics,6.0–6.99,47,32.41
second_year,Bachelor of Technology (B.Tech.) in Mechatronics,8.0–8.99,17,11.72
second_year,Bachelor of Technology (B.Tech.) in Mechatronics,9.0+,4,2.76
second_year,Computer Science and Engineering ( Artificial Intelligence & Machine Learning ),<6.0,1,100.00
second_year,Computer and Communication Engineering,<6.0,3,100.00
second_year,Data Science & Engineering,<6.0,3,100.00
second_year,Information Technology,<6.0,1,100.00
second_year,Mechanical(Dual Degree Program with Deakin University),<6.0,5,55.56
second_year,Mechanical(Dual Degree Program with Deakin University),6.0–6.99,3,33.33
second_year,Mechanical(Dual Degree Program with Deakin University),7.0–7.99,1,11.11
second_year,Mechatronics (Dual Degree Program with Deakin University),<6.0,5,38.46
second_year,Mechatronics (Dual Degree Program with Deakin University),6.0–6.99,4,30.77
second_year,Mechatronics (Dual Degree Program with Deakin University),8.0–8.99,2,15.38
second_year,Mechatronics (Dual Degree Program with Deakin University),7.0–7.99,2,15.38
third_year,Bachelor of Technology (B.Tech.) in Aeronautical Engineering,<6.0,9,12.50
third_year,Bachelor of Technology (B.Tech.) in Aeronautical Engineering,6.0–6.99,18,25.00
third_year,Bachelor of Technology (B.Tech.) in Aeronautical Engineering,7.0–7.99,20,27.78
third_year,Bachelor of Technology (B.Tech.) in Aeronautical Engineering,8.0–8.99,17,23.61
third_year,Bachelor of Technology (B.Tech.) in Aeronautical Engineering,9.0+,8,11.11
third_year,Bachelor of Technology (B.Tech.) in Automobile Engineering,<6.0,14,45.16
third_year,Bachelor of Technology (B.Tech.) in Automobile Engineering,6.0–6.99,10,32.26
third_year,Bachelor of Technology (B.Tech.) in Automobile Engineering,8.0–8.99,4,12.90
third_year,Bachelor of Technology (B.Tech.) in Automobile Engineering,7.0–7.99,3,9.68
third_year,Bachelor of Technology (B.Tech.) in Bio-Medical Engineering,<6.0,12,26.09
third_year,Bachelor of Technology (B.Tech.) in Bio-Medical Engineering,8.0–8.99,7,15.22
third_year,Bachelor of Technology (B.Tech.) in Bio-Medical Engineering,6.0–6.99,12,26.09
third_year,Bachelor of Technology (B.Tech.) in Bio-Medical Engineering,7.0–7.99,13,28.26
third_year,Bachelor of Technology (B.Tech.) in Bio-Medical Engineering,9.0+,2,4.35
third_year,Bachelor of Technology (B.Tech.) in Biotechnology,<6.0,4,5.13
third_year,Bachelor of Technology (B.Tech.) in Biotechnology,7.0–7.99,31,39.74
third_year,Bachelor of Technology (B.Tech.) in Biotechnology,8.0–8.99,18,23.08
third_year,Bachelor of Technology (B.Tech.) in Biotechnology,9.0+,7,8.97
third_year,Bachelor of Technology (B.Tech.) in Biotechnology,6.0–6.99,18,23.08
third_year,Bachelor of Technology (B.Tech.) in Chemical Engineering,<6.0,10,22.22
third_year,Bachelor of Technology (B.Tech.) in Chemical Engineering,7.0–7.99,14,31.11
third_year,Bachelor of Technology (B.Tech.) in Chemical Engineering,6.0–6.99,15,33.33
third_year,Bachelor of Technology (B.Tech.) in Chemical Engineering,8.0–8.99,5,11.11
third_year,Bachelor of Technology (B.Tech.) in Chemical Engineering,9.0+,1,2.22
third_year,Bachelor of Technology (B.Tech.) in Civil Engineering,<6.0,16,40.00
third_year,Bachelor of Technology (B.Tech.) in Civil Engineering,7.0–7.99,8,20.00
third_year,Bachelor of Technology (B.Tech.) in Civil Engineering,6.0–6.99,12,30.00
third_year,Bachelor of Technology (B.Tech.) in Civil Engineering,8.0–8.99,3,7.50
third_year,Bachelor of Technology (B.Tech.) in Civil Engineering,9.0+,1,2.50
third_year,Bachelor of Technology (B.Tech.) in Computer Science & Financial Technology,6.0–6.99,10,13.70
third_year,Bachelor of Technology (B.Tech.) in Computer Science & Financial Technology,8.0–8.99,30,41.10
third_year,Bachelor of Technology (B.Tech.) in Computer Science & Financial Technology,7.0–7.99,17,23.29
third_year,Bachelor of Technology (B.Tech.) in Computer Science & Financial Technology,<6.0,11,15.07
third_year,Bachelor of Technology (B.Tech.) in Computer Science & Financial Technology,9.0+,5,6.85
third_year,Bachelor of Technology (B.Tech.) in Computer Science and Engineering,<6.0,30,10.17
third_year,Bachelor of Technology (B.Tech.) in Computer Science and Engineering,6.0–6.99,27,9.15
third_year,Bachelor of Technology (B.Tech.) in Computer Science and Engineering,9.0+,44,14.92
third_year,Bachelor of Technology (B.Tech.) in Computer Science and Engineering,8.0–8.99,119,40.34
third_year,Bachelor of Technology (B.Tech.) in Computer Science and Engineering,7.0–7.99,75,25.42
third_year,Bachelor of Technology (B.Tech.) in Cyber Physical Systems,<6.0,28,25.00
third_year,Bachelor of Technology (B.Tech.) in Cyber Physical Systems,7.0–7.99,31,27.68
third_year,Bachelor of Technology (B.Tech.) in Cyber Physical Systems,6.0–6.99,43,38.39
third_year,Bachelor of Technology (B.Tech.) in Cyber Physical Systems,8.0–8.99,9,8.04
third_year,Bachelor of Technology (B.Tech.) in Cyber Physical Systems,9.0+,1,0.89
third_year,Bachelor of Technology (B.Tech.) in Electrical and Electronics Engineering,<6.0,30,21.13
third_year,Bachelor of Technology (B.Tech.) in Electrical and Electronics Engineering,6.0–6.99,44,30.99
third_year,Bachelor of Technology (B.Tech.) in Electrical and Electronics Engineering,8.0–8.99,17,11.97
third_year,Bachelor of Technology (B.Tech.) in Electrical and Electronics Engineering,9.0+,1,0.70
third_year,Bachelor of Technology (B.Tech.) in Electrical and Electronics Engineering,7.0–7.99,50,35.21
third_year,Bachelor of Technology (B.Tech.) in Electronics Engineering (VLSI Design and Technology),<6.0,9,12.68
third_year,Bachelor of Technology (B.Tech.) in Electronics Engineering (VLSI Design and Technology),7.0–7.99,31,43.66
third_year,Bachelor of Technology (B.Tech.) in Electronics Engineering (VLSI Design and Technology),6.0–6.99,16,22.54
third_year,Bachelor of Technology (B.Tech.) in Electronics Engineering (VLSI Design and Technology),9.0+,2,2.82
third_year,Bachelor of Technology (B.Tech.) in Electronics Engineering (VLSI Design and Technology),8.0–8.99,13,18.31
third_year,Bachelor of Technology (B.Tech.) in Electronics and Communication Engineering,<6.0,21,9.25
third_year,Bachelor of Technology (B.Tech.) in Electronics and Communication Engineering,6.0–6.99,34,14.98
third_year,Bachelor of Technology (B.Tech.) in Electronics and Communication Engineering,7.0–7.99,74,32.60
third_year,Bachelor of Technology (B.Tech.) in Electronics and Communication Engineering,9.0+,25,11.01
third_year,Bachelor of Technology (B.Tech.) in Electronics and Communication Engineering,8.0–8.99,73,32.16
third_year,Bachelor of Technology (B.Tech.) in Electronics and Instrumentation Engineering,<6.0,17,30.91
third_year,Bachelor of Technology (B.Tech.) in Electronics and Instrumentation Engineering,6.0–6.99,18,32.73
third_year,Bachelor of Technology (B.Tech.) in Electronics and Instrumentation Engineering,8.0–8.99,7,12.73
third_year,Bachelor of Technology (B.Tech.) in Electronics and Instrumentation Engineering,7.0–7.99,13,23.64
third_year,Bachelor of Technology (B.Tech.) in Industrial Engineering,<6.0,8,29.63
third_year,Bachelor of Technology (B.Tech.) in Industrial Engineering,7.0–7.99,6,22.22
third_year,Bachelor of Technology (B.Tech.) in Industrial Engineering,6.0–6.99,10,37.04
third_year,Bachelor of Technology (B.Tech.) in Industrial Engineering,8.0–8.99,2,7.41
third_year,Bachelor of Technology (B.Tech.) in Industrial Engineering,9.0+,1,3.70
third_year,Bachelor of Technology (B.Tech.) in Mathematics and Computing,<6.0,5,6.85
third_year,Bachelor of Technology (B.Tech.) in Mathematics and Computing,6.0–6.99,17,23.29
third_year,Bachelor of Technology (B.Tech.) in Mathematics and Computing,8.0–8.99,23,31.51
third_year,Bachelor of Technology (B.Tech.) in Mathematics and Computing,7.0–7.99,25,34.25
third_year,Bachelor of Technology (B.Tech.) in Mathematics and Computing,9.0+,3,4.11
third_year,Bachelor of Technology (B.Tech.) in Mechanical Engineering,<6.0,48,22.22
third_year,Bachelor of Technology (B.Tech.) in Mechanical Engineering,7.0–7.99,62,28.70
third_year,Bachelor of Technology (B.Tech.) in Mechanical Engineering,6.0–6.99,69,31.94
third_year,Bachelor of Technology (B.Tech.) in Mechanical Engineering,8.0–8.99,26,12.04
third_year,Bachelor of Technology (B.Tech.) in Mechanical Engineering,9.0+,11,5.09
third_year,Bachelor of Technology (B.Tech.) in Mechatronics,<6.0,21,15.44
third_year,Bachelor of Technology (B.Tech.) in Mechatronics,6.0–6.99,42,30.88
third_year,Bachelor of Technology (B.Tech.) in Mechatronics,7.0–7.99,55,40.44
third_year,Bachelor of Technology (B.Tech.) in Mechatronics,8.0–8.99,16,11.76
third_year,Bachelor of Technology (B.Tech.) in Mechatronics,9.0+,2,1.47
third_year,Computer Science and Engineering ( Artificial Intelligence & Machine Learning ),<6.0,19,10.27
third_year,Computer Science and Engineering ( Artificial Intelligence & Machine Learning ),8.0–8.99,71,38.38
third_year,Computer Science and Engineering ( Artificial Intelligence & Machine Learning ),9.0+,22,11.89
third_year,Computer Science and Engineering ( Artificial Intelligence & Machine Learning ),6.0–6.99,20,10.81
third_year,Computer Science and Engineering ( Artificial Intelligence & Machine Learning ),7.0–7.99,53,28.65
third_year,Computer and Communication Engineering,<6.0,28,11.25
third_year,Computer and Communication Engineering,8.0–8.99,76,30.52
third_year,Computer and Communication Engineering,7.0–7.99,81,32.53
third_year,Computer and Communication Engineering,9.0+,10,4.02
third_year,Computer and Communication Engineering,6.0–6.99,54,21.69
third_year,Data Science & Engineering,<6.0,24,13.71
third_year,Data Science & Engineering,7.0–7.99,64,36.57
third_year,Data Science & Engineering,8.0–8.99,44,25.14
third_year,Data Science & Engineering,6.0–6.99,38,21.71
third_year,Data Science & Engineering,9.0+,5,2.86
third_year,Information Technology,<6.0,27,10.55
third_year,Information Technology,8.0–8.99,87,33.98
third_year,Information Technology,6.0–6.99,42,16.41
third_year,Information Technology,7.0–7.99,88,34.38
third_year,Information Technology,9.0+,12,4.69
third_year,Mechanical(Dual Degree Program with Deakin University),6.0–6.99,3,75.00
third_year,Mechanical(Dual Degree Program with Deakin University),<6.0,1,25.00
third_year,Mechatronics (Dual Degree Program with Deakin University),6.0–6.99,10,55.56
third_year,Mechatronics (Dual Degree Program with Deakin University),<6.0,2,11.11
third_year,Mechatronics (Dual Degree Program with Deakin University),7.0–7.99,3,16.67
third_year,Mechatronics (Dual Degree Program with Deakin University),8.0–8.99,3,16.67
fourth_year,Bachelor of Technology (B.Tech.) in Aeronautical Engineering,<6.0,10,16.13
fourth_year,Bachelor of Technology (B.Tech.) in Aeronautical Engineering,6.0–6.99,15,24.19
fourth_year,Bachelor of Technology (B.Tech.) in Aeronautical Engineering,7.0–7.99,19,30.65
fourth_year,Bachelor of Technology (B.Tech.) in Aeronautical Engineering,8.0–8.99,14,22.58
fourth_year,Bachelor of Technology (B.Tech.) in Aeronautical Engineering,9.0+,4,6.45
fourth_year,Bachelor of Technology (B.Tech.) in Automobile Engineering,6.0–6.99,12,41.38
fourth_year,Bachelor of Technology (B.Tech.) in Automobile Engineering,<6.0,7,24.14
fourth_year,Bachelor of Technology (B.Tech.) in Automobile Engineering,8.0–8.99,2,6.90
fourth_year,Bachelor of Technology (B.Tech.) in Automobile Engineering,7.0–7.99,8,27.59
fourth_year,Bachelor of Technology (B.Tech.) in Bio-Medical Engineering,<6.0,5,11.90
fourth_year,Bachelor of Technology (B.Tech.) in Bio-Medical Engineering,6.0–6.99,16,38.10
fourth_year,Bachelor of Technology (B.Tech.) in Bio-Medical Engineering,7.0–7.99,13,30.95
fourth_year,Bachelor of Technology (B.Tech.) in Bio-Medical Engineering,9.0+,1,2.38
fourth_year,Bachelor of Technology (B.Tech.) in Bio-Medical Engineering,8.0–8.99,7,16.67
fourth_year,Bachelor of Technology (B.Tech.) in Biotechnology,6.0–6.99,19,27.54
fourth_year,Bachelor of Technology (B.Tech.) in Biotechnology,<6.0,5,7.25
fourth_year,Bachelor of Technology (B.Tech.) in Biotechnology,7.0–7.99,24,34.78
fourth_year,Bachelor of Technology (B.Tech.) in Biotechnology,8.0–8.99,20,28.99
fourth_year,Bachelor of Technology (B.Tech.) in Biotechnology,9.0+,1,1.45
fourth_year,Bachelor of Technology (B.Tech.) in Chemical Engineering,<6.0,7,20.59
fourth_year,Bachelor of Technology (B.Tech.) in Chemical Engineering,6.0–6.99,14,41.18
fourth_year,Bachelor of Technology (B.Tech.) in Chemical Engineering,8.0–8.99,4,11.76
fourth_year,Bachelor of Technology (B.Tech.) in Chemical Engineering,9.0+,2,5.88
fourth_year,Bachelor of Technology (B.Tech.) in Chemical Engineering,7.0–7.99,7,20.59
fourth_year,Bachelor of Technology (B.Tech.) in Civil Engineering,<6.0,6,15.38
fourth_year,Bachelor of Technology (B.Tech.) in Civil Engineering,6.0–6.99,18,46.15
fourth_year,Bachelor of Technology (B.Tech.) in Civil Engineering,7.0–7.99,9,23.08
fourth_year,Bachelor of Technology (B.Tech.) in Civil Engineering,8.0–8.99,5,12.82
fourth_year,Bachelor of Technology (B.Tech.) in Civil Engineering,9.0+,1,2.56
fourth_year,Bachelor of Technology (B.Tech.) in Computer Science & Financial Technology,8.0–8.99,28,38.89
fourth_year,Bachelor of Technology (B.Tech.) in Computer Science & Financial Technology,7.0–7.99,23,31.94
fourth_year,Bachelor of Technology (B.Tech.) in Computer Science & Financial Technology,6.0–6.99,10,13.89
fourth_year,Bachelor of Technology (B.Tech.) in Computer Science & Financial Technology,<6.0,2,2.78
fourth_year,Bachelor of Technology (B.Tech.) in Computer Science & Financial Technology,9.0+,9,12.50
fourth_year,Bachelor of Technology (B.Tech.) in Computer Science and Engineering,<6.0,42,16.15
fourth_year,Bachelor of Technology (B.Tech.) in Computer Science and Engineering,6.0–6.99,58,22.31
fourth_year,Bachelor of Technology (B.Tech.) in Computer Science and Engineering,8.0–8.99,68,26.15
fourth_year,Bachelor of Technology (B.Tech.) in Computer Science and Engineering,7.0–7.99,64,24.62
fourth_year,Bachelor of Technology (B.Tech.) in Computer Science and Engineering,9.0+,28,10.77
fourth_year,Bachelor of Technology (B.Tech.) in Cyber Physical Systems,6.0–6.99,22,36.07
fourth_year,Bachelor of Technology (B.Tech.) in Cyber Physical Systems,<6.0,8,13.11
fourth_year,Bachelor of Technology (B.Tech.) in Cyber Physical Systems,8.0–8.99,7,11.48
fourth_year,Bachelor of Technology (B.Tech.) in Cyber Physical Systems,9.0+,2,3.28
fourth_year,Bachelor of Technology (B.Tech.) in Cyber Physical Systems,7.0–7.99,22,36.07
fourth_year,Bachelor of Technology (B.Tech.) in Electrical and Electronics Engineering,<6.0,44,27.85
fourth_year,Bachelor of Technology (B.Tech.) in Electrical and Electronics Engineering,6.0–6.99,55,34.81
fourth_year,Bachelor of Technology (B.Tech.) in Electrical and Electronics Engineering,8.0–8.99,11,6.96
fourth_year,Bachelor of Technology (B.Tech.) in Electrical and Electronics Engineering,7.0–7.99,47,29.75
fourth_year,Bachelor of Technology (B.Tech.) in Electrical and Electronics Engineering,9.0+,1,0.63
fourth_year,Bachelor of Technology (B.Tech.) in Electronics Engineering (VLSI Design and Technology),7.0–7.99,25,36.23
fourth_year,Bachelor of Technology (B.Tech.) in Electronics Engineering (VLSI Design and Technology),8.0–8.99,8,11.59
fourth_year,Bachelor of Technology (B.Tech.) in Electronics Engineering (VLSI Design and Technology),6.0–6.99,28,40.58
fourth_year,Bachelor of Technology (B.Tech.) in Electronics Engineering (VLSI Design and Technology),<6.0,8,11.59
fourth_year,Bachelor of Technology (B.Tech.) in Electronics and Communication Engineering,<6.0,27,11.69
fourth_year,Bachelor of Technology (B.Tech.) in Electronics and Communication Engineering,6.0–6.99,59,25.54
fourth_year,Bachelor of Technology (B.Tech.) in Electronics and Communication Engineering,7.0–7.99,93,40.26
fourth_year,Bachelor of Technology (B.Tech.) in Electronics and Communication Engineering,8.0–8.99,43,18.61
fourth_year,Bachelor of Technology (B.Tech.) in Electronics and Communication Engineering,9.0+,9,3.90
fourth_year,Bachelor of Technology (B.Tech.) in Electronics and Instrumentation Engineering,<6.0,18,23.38
fourth_year,Bachelor of Technology (B.Tech.) in Electronics and Instrumentation Engineering,6.0–6.99,35,45.45
fourth_year,Bachelor of Technology (B.Tech.) in Electronics and Instrumentation Engineering,7.0–7.99,23,29.87
fourth_year,Bachelor of Technology (B.Tech.) in Electronics and Instrumentation Engineering,8.0–8.99,1,1.30
fourth_year,Bachelor of Technology (B.Tech.) in Industrial Engineering,6.0–6.99,3,37.50
fourth_year,Bachelor of Technology (B.Tech.) in Industrial Engineering,7.0–7.99,2,25.00
fourth_year,Bachelor of Technology (B.Tech.) in Industrial Engineering,8.0–8.99,2,25.00
fourth_year,Bachelor of Technology (B.Tech.) in Industrial Engineering,<6.0,1,12.50
fourth_year,Bachelor of Technology (B.Tech.) in Mathematics and Computing,6.0–6.99,19,28.36
fourth_year,Bachelor of Technology (B.Tech.) in Mathematics and Computing,8.0–8.99,16,23.88
fourth_year,Bachelor of Technology (B.Tech.) in Mathematics and Computing,7.0–7.99,29,43.28
fourth_year,Bachelor of Technology (B.Tech.) in Mathematics and Computing,9.0+,1,1.49
fourth_year,Bachelor of Technology (B.Tech.) in Mathematics and Computing,<6.0,2,2.99
fourth_year,Bachelor of Technology (B.Tech.) in Mechanical Engineering,6.0–6.99,52,30.95
fourth_year,Bachelor of Technology (B.Tech.) in Mechanical Engineering,<6.0,43,25.60
fourth_year,Bachelor of Technology (B.Tech.) in Mechanical Engineering,8.0–8.99,23,13.69
fourth_year,Bachelor of Technology (B.Tech.) in Mechanical Engineering,7.0–7.99,44,26.19
fourth_year,Bachelor of Technology (B.Tech.) in Mechanical Engineering,9.0+,6,3.57
fourth_year,Bachelor of Technology (B.Tech.) in Mechatronics,<6.0,23,16.79
fourth_year,Bachelor of Technology (B.Tech.) in Mechatronics,6.0–6.99,49,35.77
fourth_year,Bachelor of Technology (B.Tech.) in Mechatronics,7.0–7.99,44,32.12
fourth_year,Bachelor of Technology (B.Tech.) in Mechatronics,8.0–8.99,19,13.87
fourth_year,Bachelor of Technology (B.Tech.) in Mechatronics,9.0+,2,1.46
fourth_year,Computer Science and Engineering ( Artificial Intelligence & Machine Learning ),<6.0,25,14.53
fourth_year,Computer Science and Engineering ( Artificial Intelligence & Machine Learning ),7.0–7.99,51,29.65
fourth_year,Computer Science and Engineering ( Artificial Intelligence & Machine Learning ),6.0–6.99,28,16.28
fourth_year,Computer Science and Engineering ( Artificial Intelligence & Machine Learning ),9.0+,13,7.56
fourth_year,Computer Science and Engineering ( Artificial Intelligence & Machine Learning ),8.0–8.99,55,31.98
fourth_year,Computer and Communication Engineering,<6.0,23,9.20
fourth_year,Computer and Communication Engineering,7.0–7.99,89,35.60
fourth_year,Computer and Communication Engineering,6.0–6.99,55,22.00
fourth_year,Computer and Communication Engineering,8.0–8.99,71,28.40
fourth_year,Computer and Communication Engineering,9.0+,12,4.80
fourth_year,Data Science & Engineering,7.0–7.99,52,31.90
fourth_year,Data Science & Engineering,6.0–6.99,33,20.25
fourth_year,Data Science & Engineering,<6.0,12,7.36
fourth_year,Data Science & Engineering,8.0–8.99,61,37.42
fourth_year,Data Science & Engineering,9.0+,5,3.07
fourth_year,Information Technology,<6.0,28,12.12
fourth_year,Information Technology,6.0–6.99,50,21.65
fourth_year,Information Technology,9.0+,16,6.93
fourth_year,Information Technology,8.0–8.99,67,29.00
fourth_year,Information Technology,7.0–7.99,70,30.30
